,Snelheid,Omvang1,Positie1,Omvang2,Positie2,Relatie
0,5.746104678110253,48.94178855118494,-60.793377858630535,55.48805973423296,-16.432084915683575,-42.992746194920855
1,5.504897289271413,38.02861898754783,-44.00481330684927,56.25065222425444,-46.698703826243985,33.85635470291914
2,6.022636604762507,53.51086434438085,23.829515201401765,43.04178106487761,-8.42775977027486,-30.349594504908353
3,6.866897645442396,34.16163023139528,-72.99616662956718,32.60282017304218,55.02500285962802,37.26351603069583
