,Snelheid,Omvang1,Positie1,Omvang2,Positie2,Relatie
0,8.817600222773631,68.06783016969221,39.02055504902452,40.062491733951354,66.22557062848155,-12.925943626187346
1,8.061697863036745,38.80193595512845,0.3179832512337859,70.57619192625504,16.769751176390947,34.880119548403385
