,Snelheid,Omvang1,Positie1,Omvang2,Positie2,Relatie
0,5.992700088154757,30.069846081288638,-17.622016187346567,36.02129618862201,22.19578645309433,-72.0688226243547
1,7.954245491136167,57.014824549176815,26.705477327909257,56.331932735922805,-47.10061427596832,73.78153972932377
2,8.253921512385418,35.09544306620029,-3.379809997940887,58.4740204360548,-74.8450322188364,-63.175061913107804
3,8.652150453291679,59.21667378423255,36.629675964818546,59.052709164951615,35.20760205160571,59.49696676964029
